"01-71092","/productos/vinagres_y_aceites/aceite-de-ajonjoli- puro-lkk .jpg","/productos/vinagres_y_aceites/aceite-de-ajonjoli- puro-lkk .jpg"
"08-00904","/productos/vinagres_y_aceites/aceite-de-ajonjoli-kadoya-1.575lt.jpg","/productos/vinagres_y_aceites/aceite-de-ajonjoli-kadoya-1.575lt.jpg"
"01-11530","/productos/vinagres_y_aceites/aceite -de-ajonjoli- picante-lkk.jpg","/productos/vinagres_y_aceites/aceite -de-ajonjoli- picante-lkk.jpg"
"1300500095","/productos/vinagres_y_aceites/aceite-de-ajonjoli-y-soya-1.75lt-lkk.jpg","/productos/vinagres_y_aceites/aceite-de-ajonjoli-y-soya-1.75lt-lkk.jpg"
"1300500072","/productos/vinagres_y_aceites/aceite-de-ajonjoli- y- soya -207ml-lkk.jpg","/productos/vinagres_y_aceites/aceite-de-ajonjoli- y- soya -207ml-lkk.jpg"
"09-00999","",""
"16-001","/productos/vinagres_y_aceites/aceite-de-mani.jpg","/productos/vinagres_y_aceites/aceite-de-mani.jpg"
"05-021","/productos/condimentos/ajonjoli-negro-ck-1kl.jpg","/productos/condimentos/ajonjoli-negro-ck-1kl.jpg"
"05-007","/productos/condimentos/anis-estrellas-ck-114g.jpg","/productos/condimentos/anis-estrellas-ck-114g.jpg"
"08-03503","/productos/arroces_y_harinas/arroz-para-sushi-botan-50lb.jpg","/productos/arroces_y_harinas/arroz-para-sushi-botan-50lb.jpg"
"08-083941","/productos/arroces_y_harinas/arroz-para-sushi-organico-lundberg-11.3k.jpg","/productos/arroces_y_harinas/arroz-para-sushi-organico-lundberg-11.3k.jpg"
"08-05416","/productos/arroces_y_harinas/arroz-para-sushi-hanasyo-50lb.jpg","/productos/arroces_y_harinas/arroz-para-sushi-hanasyo-50lb.jpg"
"08-28580","/productos/arroces_y_harinas/arroz-para-sushi-nishiki-50lb.jpg","/productos/arroces_y_harinas/arroz-para-sushi-nishiki-50lb.jpg"
"08-06630","/productos/arroces_y_harinas/arroz-para-sushi-2lb.jpg","/productos/arroces_y_harinas/arroz-para-sushi-2lb.jpg"
"05-031","/productos/condimentos/azucar-de-palma.jpg","/productos/condimentos/azucar-de-palma.jpg"
"04-02000","/productos/condimentos/azucar-de-palma-panelitas.jpg","/productos/condimentos/azucar-de-palma-panelitas.jpg"
"05-00020","/productos/utensilios/barco-para-sushi.jpg","/productos/utensilios/barco-para-sushi.jpg"
"08-55007","/productos/otros/bonito-flakes.jpg","/productos/otros/bonito-flakes.jpg"
"06-684","/productos/utensilios/bowl-con-tapa.jpg","/productos/utensilios/bowl-con-tapa.jpg"
"05-683","/productos/utensilios/bowl-melamina2.jpg","/productos/utensilios/bowl-melamina2.jpg"
"04-21950","/productos/enlatados_y_conservas/brotes-de-bamboo-tajados-chaokoh.jpg","/productos/enlatados_y_conservas/brotes-de-bamboo-tajados-chaokoh.jpg"
"14-0216","/productos/bebidas/cachaca-crystal- ypioca-1lt.jpg","/productos/bebidas/cachaca-crystal- ypioca-1lt.jpg"
"14-0315","/productos/bebidas/cachaca-crystal- ypioca-700.jpg","/productos/bebidas/cachaca-crystal- ypioca-700.jpg"
"14-00049","/productos/bebidas/cachaca-prata- ypioca-1lt.jpg","/productos/bebidas/cachaca-prata- ypioca-1lt.jpg"
"04-51013","/productos/enlatados_y_conservas/castañas-de-agua.jpg","/productos/enlatados_y_conservas/castañas-de-agua.jpg"
"05-02006","/productos/utensilios/cepillo-de-bamboo-para-wok.jpg","/productos/utensilios/cepillo-de-bamboo-para-wok.jpg"
"05-008","/productos/condimentos/chile-entero-deshidratado-ck-500g.jpg","/productos/condimentos/chile-entero-deshidratado-ck-500g.jpg"
"05-002","/productos/condimentos/chile-en-polvo-ck-114g.jpg","/productos/condimentos/chile-en-polvo-ck-114g.jpg"
"05-009","/productos/condimentos/polvo-cinco-especias-chinas-200g.jpg","/productos/condimentos/polvo-cinco-especias-chinas-200g.jpg"
"05-29165","/productos/condimentos/polvo-cinco-especias-chinas-40g.jpg","/productos/condimentos/polvo-cinco-especias-chinas-40g.jpg"
"05-013","",""
"BAF001","/productos/enlatados_y_conservas/conserva-de-mango-dulce.jpg","/productos/enlatados_y_conservas/conserva-de-mango-dulce.jpg"
"BAF007","/productos/enlatados_y_conservas/conserva-de-mango-chutney.jpg","/productos/enlatados_y_conservas/conserva-de-mango-chutney.jpg"
"BAF021","/productos/enlatados_y_conservas/conserva-de-mango-picante.jpg","/productos/enlatados_y_conservas/conserva-de-mango-picante.jpg"
"04-90160","/productos/enlatados_y_conservas/crema-de-Coco-chaokoh.jpg","/productos/enlatados_y_conservas/crema-de-Coco-chaokoh.jpg"
"04","/productos/utensilios/cucharon-metalico-zebra-pequeño.jpg","/productos/utensilios/cucharon-metalico-zebra-pequeño.jpg"
"05-00030","/productos/utensilios/cucharon-metalico-zebra-grande.jpg","/productos/utensilios/cucharon-metalico-zebra-grande.jpg"
"10-SRMG240","/productos/utensilios/cuchillo-chef-molybdeno-sekiryu-240mm.jpg","/productos/utensilios/cuchillo-chef-molybdeno-sekiryu-240mm.jpg"
"03-SR300","/productos/utensilios/cuchillo-deba--sekiryu-150mm.jpg","/productos/utensilios/cuchillo-deba--sekiryu-150mm.jpg"
"05-50074","/productos/utensilios/cuchillo-kiwi.jpg","/productos/utensilios/cuchillo-kiwi.jpg"
"02-SR200","/productos/utensilios/cuchillo-nakiri--sekiryu-165mm.jpg","/productos/utensilios/cuchillo-nakiri--sekiryu-165mm.jpg"
"11-SRMS180","/productos/utensilios/cuchillo-santoku-molybdeno-sekiryu-180mm.jpg","/productos/utensilios/cuchillo-santoku-molybdeno-sekiryu-180mm.jpg"
"01-SR100","",""
"08-SR240","/productos/utensilios/cuchillo-sashimi-240.jpg","/productos/utensilios/cuchillo-sashimi-240.jpg"
"07 SR400","/productos/utensilios/cuchillo-sashimi-sekiryu-210mm.jpg","/productos/utensilios/cuchillo-sashimi-sekiryu-210mm.jpg"
"12-SRMS240","/productos/utensilios/cuchillo-slicer-molybdeno-sekiryu-240mm.jpg","/productos/utensilios/cuchillo-slicer-molybdeno-sekiryu-240mm.jpg"
"09-KY270","/productos/utensilios/cuchillo-yanagiba-acero-sekiryu-270mm.jpg","/productos/utensilios/cuchillo-yanagiba-acero-sekiryu-270mm.jpg"
"04-20196","/productos/salsas/Pasta-de-curry-amarillo.jpg","/productos/salsas/Pasta-de-curry-amarillo.jpg"
"04-30005","/productos/salsas/Pasta-de-curry-amarillo-50g.jpg","/productos/salsas/Pasta-de-curry-amarillo-50g.jpg"
"04-20561","/productos/salsas/Pasta-de-curry-masman.jpg","/productos/salsas/Pasta-de-curry-masman.jpg"
"04-30004","/productos/salsas/Pasta-de-curry-masman-50g.jpg","/productos/salsas/Pasta-de-curry-masman-50g.jpg"
"04-20561","/productos/salsas/Pasta-de-curry-panang.jpg","/productos/salsas/Pasta-de-curry-panang.jpg"
"04-0037","/productos/salsas/Pasta-de-curry-panang-50g.jpg","/productos/salsas/Pasta-de-curry-panang-50g.jpg"
"04-20169","/productos/salsas/Pasta-de-curry-rojo.jpg","/productos/salsas/Pasta-de-curry-rojo.jpg"
"04-30001","/productos/salsas/Pasta-de-curry-rojo-50g.jpg","/productos/salsas/Pasta-de-curry-rojo-50g.jpg"
"04-20195","/productos/salsas/Pasta-de-curry-verde.jpg","/productos/salsas/Pasta-de-curry-verde.jpg"
"04-30002","/productos/salsas/Pasta-de-curry-verde-50g.jpg","/productos/salsas/Pasta-de-curry-verde-50g.jpg"
"09-910","",""
"BAF103","/productos/enlatados_y_conservas/encurtido-de-mango.jpg","/productos/enlatados_y_conservas/encurtido-de-mango.jpg"
"BAF107","/productos/enlatados_y_conservas/encurtido-de-lima-picante.jpg","/productos/enlatados_y_conservas/encurtido-de-lima-picante.jpg"
"15-47004","/productos/pastas/espagueti-de-arroz-best-choice-200g.jpg","/productos/pastas/espagueti-de-arroz-best-choice-200g.jpg"
"02-1379","/productos/pastas/espagueti-de-arroz-star-lion-200g.jpg","/productos/pastas/espagueti-de-arroz-star-lion-200g.jpg"
"02-1515","/productos/pastas/espagueti-de-arroz-integral-star-lion-200g.jpg","/productos/pastas/espagueti-de-arroz-integral-star-lion-200g.jpg"
"02-1539","/productos/pastas/espagueti-de-arroz-star-lion-500g.jpg","/productos/pastas/espagueti-de-arroz-star-lion-500g.jpg"
"009","/productos/utensilios/espatula-de-bambu.jpg","/productos/utensilios/espatula-de-bambu.jpg"
"06-04311","/productos/utensilios/espatula-metalica-zebra-grande.jpg","/productos/utensilios/espatula-metalica-zebra-grande.jpg"
"06-10431","/productos/utensilios/espatula-metalica-zebra-pequeña.jpg","/productos/utensilios/espatula-metalica-zebra-pequeña.jpg"
"05-023","/productos/utensilios/espumadera-metalica-y-bamboo.jpg","/productos/utensilios/espumadera-metalica-y-bamboo.jpg"
"857","/productos/utensilios/esterilla-de-bamboo-para-sushi.jpg","/productos/utensilios/esterilla-de-bamboo-para-sushi.jpg"
"02-0465","/productos/pastas/fideo-de-frijol-pine-200g.jpg","/productos/pastas/fideo-de-frijol-pine-200g.jpg"
"08-41464","/productos/condimentos/furikake-salmon.jpg","/productos/condimentos/furikake-salmon.jpg"
"08-27641","/productos/condimentos/furikake-nori-komi.jpg","/productos/condimentos/furikake-nori-komi.jpg"
"08-24732","/productos/condimentos/furikake-noritamago.jpg","/productos/condimentos/furikake-noritamago.jpg"
"05-003","/productos/condimentos/galanga-seca-56g.jpg","/productos/condimentos/galanga-seca-56g.jpg"
"04-11710","/productos/condimentos/garam-masala-geeta-500g.jpg","/productos/condimentos/garam-masala-geeta-500g.jpg"
"08-52601","/productos/enlatados_y_conservas/gari-blanco-nitakaya-9.09kg.jpg","/productos/enlatados_y_conservas/gari-blanco-nitakaya-9.09kg.jpg"
"08-26303","/productos/enlatados_y_conservas/gari-rosado-nitakaya-9.09kg.jpg","/productos/enlatados_y_conservas/gari-rosado-nitakaya-9.09kg.jpg"
"13-72381","/productos/enlatados_y_conservas/jengibre-kenko.jpg","/productos/enlatados_y_conservas/jengibre-kenko.jpg"
"05-10123","/productos/otros/arveja-de-wasabi.jpg","/productos/otros/arveja-de-wasabi.jpg"
"51001","/productos/utensilios/guantes-plasticos-biokips-talla-l.jpg","/productos/utensilios/guantes-plasticos-biokips-talla-l.jpg"
"51002","/productos/utensilios/guantes-plasticos-biokips-talla-m.jpg","/productos/utensilios/guantes-plasticos-biokips-talla-m.jpg"
"51003","/productos/utensilios/guantes-plasticos-biokips-talla-s.jpg","/productos/utensilios/guantes-plasticos-biokips-talla-s.jpg"
"08-88586","/productos/utensilios/handai-13.jpg","/productos/utensilios/handai-13.jpg"
"08-88587","/productos/utensilios/handai-14.jpg","/productos/utensilios/handai-14.jpg"
"02-9998","/productos/arroces_y_harinas/harina-de-arroz-regular-star-lion.jpg","/productos/arroces_y_harinas/harina-de-arroz-regular-star-lion.jpg"
"02-9997","/productos/arroces_y_harinas/harina-de-arroz-glutinosa-star-lion.jpg","/productos/arroces_y_harinas/harina-de-arroz-glutinosa-star-lion.jpg"
"16-0023","/productos/arroces_y_harinas/harina-ha-gaw.jpg","/productos/arroces_y_harinas/harina-ha-gaw.jpg"
"08-40349","/productos/algas_y_deshidratados/hijiki-hanabishi-453g..jpg","/productos/algas_y_deshidratados/hijiki-hanabishi-453g..jpg"
"08-03010","/productos/condimentos/hondashi-caldo-de-pescado.jpg","/productos/condimentos/hondashi-caldo-de-pescado.jpg"
"04-00034","/productos/algas_y_deshidratados/hongos-negros-deshidratados-ck-100g.jpg","/productos/algas_y_deshidratados/hongos-negros-deshidratados-ck-100g.jpg"
"04-20628","/productos/bebidas/jugo-de-lychee.jpg","/productos/bebidas/jugo-de-lychee.jpg"
"08-13407","/productos/algas_y_deshidratados/kombu-dashi-wel-pac-113g.jpg","/productos/algas_y_deshidratados/kombu-dashi-wel-pac-113g.jpg"
"08-002030","",""
"08-42715","",""
"15-47001","/productos/enlatados_y_conservas/leche-de-coco-best-choice.jpg","/productos/enlatados_y_conservas/leche-de-coco-best-choice.jpg"
"04-20159","/productos/enlatados_y_conservas/leche-de-coco-mae-ploy.jpg","/productos/enlatados_y_conservas/leche-de-coco-mae-ploy.jpg"
"04-60601","/productos/arroces_y_harinas/lenteja- amarilla.jpg","/productos/arroces_y_harinas/lenteja- amarilla.jpg"
"04-03992","/productos/arroces_y_harinas/Lenteja-roja.jpg","/productos/arroces_y_harinas/Lenteja-roja.jpg"
"04-60605","/productos/arroces_y_harinas/Lenteja-Negra.jpg","/productos/arroces_y_harinas/Lenteja-Negra.jpg"
"05-005","/productos/condimentos/lima-kaffir-ck-28g.jpg","/productos/condimentos/lima-kaffir-ck-28g.jpg"
"15-70036","/productos/enlatados_y_conservas/lychees-best -choice.jpg","/productos/enlatados_y_conservas/lychees-best -choice.jpg"
"11-34088","/productos/bebidas/mirin-kikkoman.jpg","/productos/bebidas/mirin-kikkoman.jpg"
"08-02002","/productos/otros/mayonesa-japonesa.jpg","/productos/otros/mayonesa-japonesa.jpg"
"04-07518","/productos/enlatados_y_conservas/mazorquitas-Best-Choice.jpg","/productos/enlatados_y_conservas/mazorquitas-Best-Choice.jpg"
"08-00121","/productos/condimentos/misso-rojo-hikari-1k.jpg","/productos/condimentos/misso-rojo-hikari-1k.jpg"
"13-57203","/productos/condimentos/misso-aka-sakura.jpg","/productos/condimentos/misso-aka-sakura.jpg"
"13-57210","/productos/condimentos/misso-shiro-sakura.jpg","/productos/condimentos/misso-shiro-sakura.jpg"
"13-013","/productos/otros/misso-shiro-sakura-10g.jpg","/productos/otros/misso-shiro-sakura-10g.jpg"
"05-000006","/productos/utensilios/mortero-de-piedra-6.jpg","/productos/utensilios/mortero-de-piedra-6.jpg"
"05-000007","/productos/utensilios/mortero-de-piedra-7.jpg","/productos/utensilios/mortero-de-piedra-7.jpg"
"06-000","/productos/utensilios/mortero-de-piedra-8.jpg","/productos/utensilios/mortero-de-piedra-8.jpg"
"08-99904","/productos/algas_y_deshidratados/nori-kai-100-hojas.jpg","/productos/algas_y_deshidratados/nori-kai-100-hojas.jpg"
"08-1000","/productos/algas_y_deshidratados/nori-purple-yama-moto-yama-10-hojas.jpg","/productos/algas_y_deshidratados/nori-purple-yama-moto-yama-10-hojas.jpg"
"08-1238","/productos/algas_y_deshidratados/nori-silver-yama-moto-yama-50-hojas.jpg","/productos/algas_y_deshidratados/nori-silver-yama-moto-yama-50-hojas.jpg"
"05-00015","/productos/utensilios/palitos-de-bambu-best-choice.jpg","/productos/utensilios/palitos-de-bambu-best-choice.jpg"
"08-19022","/productos/utensilios/palitos-de-madera.jpg","/productos/utensilios/palitos-de-madera.jpg"
"B115","/productos/utensilios/palitos-decorados-beige.jpg","/productos/utensilios/palitos-decorados-beige.jpg"
"B108","/productos/utensilios/palitos-decorados-mujeres.jpg","/productos/utensilios/palitos-decorados-mujeres.jpg"
"B68","/productos/utensilios/palitos-decorados-rojo-flores.jpg","/productos/utensilios/palitos-decorados-rojo-flores.jpg"
"B113","/productos/utensilios/palitos-decorados-rojo-gris.jpg","/productos/utensilios/palitos-decorados-rojo-gris.jpg"
"400","/productos/arroces_y_harinas/panko-dynasty.jpg","/productos/arroces_y_harinas/panko-dynasty.jpg"
"08-99907","/productos/arroces_y_harinas/panko-wel-pac-9.07k.jpg","/productos/arroces_y_harinas/panko-wel-pac-9.07k.jpg"
"02-00007","/productos/pastas/papel-de-arroz-best-choice-16cm.jpg","/productos/pastas/papel-de-arroz-best-choice-16cm.jpg"
"15-70125","/productos/pastas/papel-de-arroz-best-choice-22cm.jpg","/productos/pastas/papel-de-arroz-best-choice-22cm.jpg"
"04-11018","/productos/arroces_y_harinas/pappadum.jpg","/productos/arroces_y_harinas/pappadum.jpg"
"NAL401","/productos/arroces_y_harinas/Pappadums-pataks.jpg","/productos/arroces_y_harinas/Pappadums-pataks.jpg"
"04-4015","/productos/pastas/pasta-china.jpg","/productos/pastas/pasta-china.jpg"
"01-39552","/productos/salsas/pasta-chu-hou.jpg","/productos/salsas/pasta-chu-hou.jpg"
"BAF071","/productos/salsas/Pasta-de-curry-biryani.jpg","/productos/salsas/Pasta-de-curry-biryani.jpg"
"BAF089","/productos/salsas/Pasta-de-curry-para-pollo.jpg","/productos/salsas/Pasta-de-curry-para-pollo.jpg"
"BAF079","/productos/salsas/Pasta-de-curry-korma.jpg","/productos/salsas/Pasta-de-curry-korma.jpg"
"BAF073","/productos/salsas/Pasta-de-curry-madras.jpg","/productos/salsas/Pasta-de-curry-madras.jpg"
"BAF055","/productos/salsas/Pasta-de-curry-mild.jpg","/productos/salsas/Pasta-de-curry-mild.jpg"
"BAF069","/productos/salsas/Pasta-de-curr-tandoori.jpg","/productos/salsas/Pasta-de-curr-tandoori.jpg"
"BAF083","/productos/salsas/Pasta-de-curry-tikka-masala.jpg","/productos/salsas/Pasta-de-curry-tikka-masala.jpg"
"BAF059","/productos/salsas/Pasta-de-curry-vindaloo.jpg","/productos/salsas/Pasta-de-curry-vindaloo.jpg"
"BAF051","/productos/salsas/pasta-de-curry-extra-picante.jpg","/productos/salsas/pasta-de-curry-extra-picante.jpg"
"20120","/productos/salsas/pasta-de-chile.jpg","/productos/salsas/pasta-de-chile.jpg"
"05-00899","/productos/salsas/pasta-de-tamarindo-250g.jpg","/productos/salsas/pasta-de-tamarindo-250g.jpg"
"08-10000","/productos/utensilios/picadora-vegetales.jpg","/productos/utensilios/picadora-vegetales.jpg"
"14-15","/productos/utensilios/piedra-para-afilar-k45.jpg","/productos/utensilios/piedra-para-afilar-k45.jpg"
"13","/productos/utensilios/piedra-para-afilar-k80.jpg","/productos/utensilios/piedra-para-afilar-k80.jpg"
"05-025","/productos/condimentos/pimienta-sichuan-ck-1k.jpg","/productos/condimentos/pimienta-sichuan-ck-1k.jpg"
"04-41832","/productos/condimentos/pimienta-verde-en-salmuera.jpg","/productos/condimentos/pimienta-verde-en-salmuera.jpg"
"06-686","/productos/utensilios/plato-melamina-10.jpg","/productos/utensilios/plato-melamina-10.jpg"
"05-685","/productos/utensilios/plato-melamina-8.jpg","/productos/utensilios/plato-melamina-8.jpg"
"16-6650","/productos/vinagres_y_aceites/vinagre-ponzu-marukan-1.89lt.jpg","/productos/vinagres_y_aceites/vinagre-ponzu-marukan-1.89lt.jpg"
"71525","/productos/utensilios/recipiente-plastico-biokips-1.1lt-71525.jpg","/productos/utensilios/recipiente-plastico-biokips-1.1lt-71525.jpg"
"71511","/productos/utensilios/recipiente-plastico-biokips-1.1lt-71511.jpg","/productos/utensilios/recipiente-plastico-biokips-1.1lt-71511.jpg"
"71504","/productos/utensilios/recipiente-plastico-biokips-1.1lt-71504.jpg","/productos/utensilios/recipiente-plastico-biokips-1.1lt-71504.jpg"
"71714","/productos/utensilios/recipiente-plastico-biokips-tofu-1.1lt-71714.jpg","/productos/utensilios/recipiente-plastico-biokips-tofu-1.1lt-71714.jpg"
"71600","/productos/utensilios/recipiente-plastico-biokips-11.5lt-71600.jpg","/productos/utensilios/recipiente-plastico-biokips-11.5lt-71600.jpg"
"71510","/productos/utensilios/recipiente-plastico-biokips-450ml-71510.jpg","/productos/utensilios/recipiente-plastico-biokips-450ml-71510.jpg"
"71502","/productos/utensilios/recipiente-plastico-biokips-450ml-71502.jpg","/productos/utensilios/recipiente-plastico-biokips-450ml-71502.jpg"
"71515","/productos/utensilios/recipiente-plastico-biokips-5.2lt-71515.jpg","/productos/utensilios/recipiente-plastico-biokips-5.2lt-71515.jpg"
"71543","/productos/utensilios/recipiente-plastico-biokips-670ml-71543.jpg","/productos/utensilios/recipiente-plastico-biokips-670ml-71543.jpg"
"71522","/productos/utensilios/recipiente-plastico-biokips-700ml-71522.jpg","/productos/utensilios/recipiente-plastico-biokips-700ml-71522.jpg"
"71503","/productos/utensilios/recipiente-plastico-biokips-900ml-71503.jpg","/productos/utensilios/recipiente-plastico-biokips-900ml-71503.jpg"
"72533","/productos/utensilios/recipiente-plastico-kloken-1550ml-72533.jpg","/productos/utensilios/recipiente-plastico-kloken-1550ml-72533.jpg"
"72502","",""
"72522","",""
"72501","/productos/utensilios/recipiente-plastico-kloken-990ml-72501.jpg","/productos/utensilios/recipiente-plastico-kloken-990ml-72501.jpg"
"72510","/productos/utensilios/recipiente-plastico-kloken-3250ml-72510.jpg","/productos/utensilios/recipiente-plastico-kloken-3250ml-72510.jpg"
"72523","/productos/utensilios/recipiente-plastico-kloken-760ml-72523.jpg","/productos/utensilios/recipiente-plastico-kloken-760ml-72523.jpg"
"11-01806","/productos/bebidas/ozeki-sake-dry-180ml.jpg","/productos/bebidas/ozeki-sake-dry-180ml.jpg"
"11-75043","/productos/bebidas/ozeki-sake-dry-750ml.jpg","/productos/bebidas/ozeki-sake-dry-750ml.jpg"
"11-08838","/productos/bebidas/ozeki sake regular-19lt.jpg","/productos/bebidas/ozeki sake regular-19lt.jpg"
"11-72059","/productos/bebidas/ozeki sake ginjo-premier.jpg","/productos/bebidas/ozeki sake ginjo-premier.jpg"
"11-75005","/productos/bebidas/ozeki-sake-regular-750ml.jpg","/productos/bebidas/ozeki-sake-regular-750ml.jpg"
"04-88823","/productos/salsas/salsa-de-pescado-squid-300ml.jpg","/productos/salsas/salsa-de-pescado-squid-300ml.jpg"
"15-70037","/productos/salsas/salsa-de-pescado-squid-700ml.jpg","/productos/salsas/salsa-de-pescado-squid-700ml.jpg"
"16-002","/productos/salsas/salsa-de-soya-dulce-dragon-fly.jpg","/productos/salsas/salsa-de-soya-dulce-dragon-fly.jpg"
"01-72005","/productos/salsas/salsa-agridulce-lkk-240g-.jpg","/productos/salsas/salsa-agridulce-lkk-240g-.jpg"
"01-12944","",""
"1300060023","/productos/salsas/salsa-char-siu-lkk.jpg","/productos/salsas/salsa-char-siu-lkk.jpg"
"04-07231","/productos/salsas/salsa-de-chile-agridulce-mae-ploy-350g.jpg","/productos/salsas/salsa-de-chile-agridulce-mae-ploy-350g.jpg"
"04-07234","/productos/salsas/salsa-de-chile-agridulce-mae-ploy-920g.jpg","/productos/salsas/salsa-de-chile-agridulce-mae-ploy-920g.jpg"
"01-30004","/productos/salsas/salsas-de-ostras-panda-255gr.jpg","/productos/salsas/salsas-de-ostras-panda-255gr.jpg"
"01-30001","/productos/salsas/salsa-de-ostras-panda-5Lb.jpg","/productos/salsas/salsa-de-ostras-panda-5Lb.jpg"
"EAF413","/productos/salsas/salsa-para-pollo-500g.jpg","/productos/salsas/salsa-para-pollo-500g.jpg"
"EAF403","/productos/salsas/salsa-korma-500g.jpg","/productos/salsas/salsa-korma-500g.jpg"
"EAF401","/productos/salsas/salsa-tikka-masala-500g.jpg","/productos/salsas/salsa-tikka-masala-500g.jpg"
"01-76003","/productos/salsas/salsa-de-Ajos-y-Frijoles-negros-5LB-lkk .jpg","/productos/salsas/salsa-de-Ajos-y-Frijoles-negros-5LB-lkk .jpg"
"01-76001","/productos/salsas/salsa-de-ajos-y-frijoles-negros-226-lkk.jpg","/productos/salsas/salsa-de-ajos-y-frijoles-negros-226-lkk.jpg"
"01-12310","/productos/salsas/salsa-de-ciruela-5lb-lkk.jpg","/productos/salsas/salsa-de-ciruela-5lb-lkk.jpg"
"02-20520","/productos/salsas/salsa-de-ciruela-x397-lkk.jpg","/productos/salsas/salsa-de-ciruela-x397-lkk.jpg"
"01-20521","/productos/salsas/salsa-de-mani-lkk.jpg","/productos/salsas/salsa-de-mani-lkk.jpg"
"04-17369","/productos/salsas/salsa-de-ostras-healty-boy-2300g.jpg","/productos/salsas/salsa-de-ostras-healty-boy-2300g.jpg"
"08-99901","/productos/salsas/salsa-de-soya-baja-en-sodio-kikkoman-148ml.jpg","/productos/salsas/salsa-de-soya-baja-en-sodio-kikkoman-148ml.jpg"
"","",""
"08-2222","/productos/salsas/salsa-de-soya-baja-en-sodio-kikkoman-591ml.jpg","/productos/salsas/salsa-de-soya-baja-en-sodio-kikkoman-591ml.jpg"
"08-002587","/productos/salsas/salsa-de-soya-baja-en-sodio-kikkoman-18.9lt.jpg","/productos/salsas/salsa-de-soya-baja-en-sodio-kikkoman-18.9lt.jpg"
"01-13120","/productos/salsas/salsa-soya-ite-5gl-lkk.jpg","/productos/salsas/salsa-soya-ite-5gl-lkk.jpg"
"01-13018","/productos/salsas/salsa-de-soya-lite-500-lkk.jpg","/productos/salsas/salsa-de-soya-lite-500-lkk.jpg"
"01-99005","/productos/salsas/salsa-de-soya-lite-sachet-lkk.jpg","/productos/salsas/salsa-de-soya-lite-sachet-lkk.jpg"
"01-31413","/productos/salsas/salsa-de-soya-lite-150-lkk.jpg","/productos/salsas/salsa-de-soya-lite-150-lkk.jpg"
"01-12878","/productos/salsas/salsa-de-soya-regular-x500ml-lkk.jpg","/productos/salsas/salsa-de-soya-regular-x500ml-lkk.jpg"
"08-1235","",""
"01-12225","/productos/salsas/salsa-de-soya-sabor-a-hongos-15kl-lkk.jpg","/productos/salsas/salsa-de-soya-sabor-a-hongos-15kl-lkk.jpg"
"13002X0104","/productos/salsas/salsa-de-soya-sabor-a-hongos-x500-lkk.jpg","/productos/salsas/salsa-de-soya-sabor-a-hongos-x500-lkk.jpg"
"01-99004","/productos/salsas/salsa-de-soya-regular-sachet-lkk.jpg","/productos/salsas/salsa-de-soya-regular-sachet-lkk.jpg"
"01-13249","/productos/salsas/salsa-soya-premium-oscura-15kl-lkk.jpg","/productos/salsas/salsa-soya-premium-oscura-15kl-lkk.jpg"
"01-12638","/productos/salsas/salsa-soya-premium-oscura-500ml-lkk.jpg","/productos/salsas/salsa-soya-premium-oscura-500ml-lkk.jpg"
"08-13994","/productos/salsas/salsa-de-soya-regular-kikkoman-dispensador.jpg","/productos/salsas/salsa-de-soya-regular-kikkoman-dispensador.jpg"
"","",""
"08-00160","/productos/salsas/salsa-de-soya-regular-kikkoman-3.79l.jpg","/productos/salsas/salsa-de-soya-regular-kikkoman-3.79l.jpg"
"08-13934","/productos/salsas/salsa-de-soya-regular-kikkoman-591ml.jpg","/productos/salsas/salsa-de-soya-regular-kikkoman-591ml.jpg"
"08-00182","/productos/salsas/salsa-de-soya-regular-kikkoman-18.9Lt.jpg","/productos/salsas/salsa-de-soya-regular-kikkoman-18.9Lt.jpg"
"01-13249","/productos/salsas/salsa-de-soya-regular-15kl-lkk.jpg","/productos/salsas/salsa-de-soya-regular-15kl-lkk.jpg"
"01-12883","/productos/salsas/salsa-de-soya-150ml-lkk.jpg","/productos/salsas/salsa-de-soya-150ml-lkk.jpg"
"01-40001","/productos/salsas/salsa-fina-de-camarones-lkk.jpg","/productos/salsas/salsa-fina-de-camarones-lkk.jpg"
"01-30036","",""
"01-11111","/productos/salsas/salsa-ground-bean-lkk.jpg","/productos/salsas/salsa-ground-bean-lkk.jpg"
"01-70005","/productos/salsas/salsa-hoisin-5lb-lkk.jpg","/productos/salsas/salsa-hoisin-5lb-lkk.jpg"
"01-70001","/productos/salsas/salsa-hoisin-240-lkk.jpg","/productos/salsas/salsa-hoisin-240-lkk.jpg"
"01-77001","/productos/salsas/salsa-picante-con-ajos-5lb-lkk.jpg","/productos/salsas/salsa-picante-con-ajos-5lb-lkk.jpg"
"01-77003","/productos/salsas/salsa-picante-con-ajos-226-lkk.jpg","/productos/salsas/salsa-picante-con-ajos-226-lkk.jpg"
"01-10001","/productos/salsas/salsa-de-ostion-suprema-lkk.jpg","/productos/salsas/salsa-de-ostion-suprema-lkk.jpg"
"04-60237","/productos/salsas/salsa-sambal-oelek-sree-454g.jpg","/productos/salsas/salsa-sambal-oelek-sree-454g.jpg"
"08-06116","/productos/salsas/salsa-sriracha-huy-fong-740g.jpg","/productos/salsas/salsa-sriracha-huy-fong-740g.jpg"
"05-0905","/productos/salsas/pasta-de-tamarindo-2k.jpg","/productos/salsas/pasta-de-tamarindo-2k.jpg"
"08-1237","/productos/salsas/salsa-teriyaki-kikkoman-296ml.jpg","/productos/salsas/salsa-teriyaki-kikkoman-296ml.jpg"
"08-99902","/productos/salsas/salsa-teriyaki-kikkoman-3.79L..jpg","/productos/salsas/salsa-teriyaki-kikkoman-3.79L..jpg"
"1300070223","/productos/salsas/salsa-teriyaki-lkk.jpg","/productos/salsas/salsa-teriyaki-lkk.jpg"
"08-99903","/productos/salsas/salsa-tomkatsu-bulldog1.8Lt.jpg","/productos/salsas/salsa-tomkatsu-bulldog1.8Lt.jpg"
"01-20523","/productos/salsas/salsa-vegetariana.jpg","/productos/salsas/salsa-vegetariana.jpg"
"08-80060","/productos/algas_y_deshidratados/shitake-deshidratado-5Lb.jpg","/productos/algas_y_deshidratados/shitake-deshidratado-5Lb.jpg"
"08-99912","/productos/pastas/fideo-de-trigo-soba.jpg","/productos/pastas/fideo-de-trigo-soba.jpg"
"13-01008","/productos/salsas/salsa-soya-tradicional-sakura-1lt.jpg","/productos/salsas/salsa-soya-tradicional-sakura-1lt.jpg"
"13-11007","/productos/salsas/salsa-soya-tradicional-sakura-150ml.jpg","/productos/salsas/salsa-soya-tradicional-sakura-150ml.jpg"
"13-41004","/productos/salsas/salsa-soya-tradicional-sakura-20lt.jpg","/productos/salsas/salsa-soya-tradicional-sakura-20lt.jpg"
"13-00001","/productos/salsas/salsa-soya-tradicional-sakura-500ml.jpg","/productos/salsas/salsa-soya-tradicional-sakura-500ml.jpg"
"06-00011","/productos/utensilios/vaporera-de-aluminio.jpg","/productos/utensilios/vaporera-de-aluminio.jpg"
"05-00018","/productos/utensilios/vaporera-bambu-10.jpg","/productos/utensilios/vaporera-bambu-10.jpg"
"05-00019","/productos/utensilios/vaporera-bambu-12.jpg","/productos/utensilios/vaporera-bambu-12.jpg"
"05-00021","/productos/utensilios/vaporera-bambu-20.jpg","/productos/utensilios/vaporera-bambu-20.jpg"
"05-00016","/productos/utensilios/vaporera-bambu-6.jpg","/productos/utensilios/vaporera-bambu-6.jpg"
"05-00017","/productos/utensilios/vaporera-bambu-8.jpg","/productos/utensilios/vaporera-bambu-8.jpg"
"13-318","/productos/utensilios/steamer-manija.jpg","/productos/utensilios/steamer-manija.jpg"
"08-08080","/productos/algas_y_deshidratados/sushi-party-ajonjoli-yama-moto-yama-80g.jpg","/productos/algas_y_deshidratados/sushi-party-ajonjoli-yama-moto-yama-80g.jpg"
"08-08082","/productos/algas_y_deshidratados/sushi-party-amarillo-yama-moto-yama-80g.jpg","/productos/algas_y_deshidratados/sushi-party-amarillo-yama-moto-yama-80g.jpg"
"08-08083","/productos/algas_y_deshidratados/sushi-party-naranja-yama-moto-yama-80g.jpg","/productos/algas_y_deshidratados/sushi-party-naranja-yama-moto-yama-80g.jpg"
"08-08081","/productos/algas_y_deshidratados/sushi-party-original-yama-moto-yama-80g.jpg","/productos/algas_y_deshidratados/sushi-party-original-yama-moto-yama-80g.jpg"
"08-08085","/productos/algas_y_deshidratados/sushi-party-rosada-yama-moto-yama-80g.jpg","/productos/algas_y_deshidratados/sushi-party-rosada-yama-moto-yama-80g.jpg"
"08-08084","/productos/algas_y_deshidratados/sushi-party-verde-yama-moto-yama-80g.jpg","/productos/algas_y_deshidratados/sushi-party-verde-yama-moto-yama-80g.jpg"
"80828","/productos/utensilios/tabla-para-picar-grande-komax.jpg","/productos/utensilios/tabla-para-picar-grande-komax.jpg"
"80830","/productos/utensilios/tabla-para-picar-pequeña-komax.jpg","/productos/utensilios/tabla-para-picar-pequeña-komax.jpg"
"15-70074","/productos/pastas/tallarines-de-arroz-best-choice-3mm-400g.jpg","/productos/pastas/tallarines-de-arroz-best-choice-3mm-400g.jpg"
"15-47007","/productos/pastas/tallarines-de-arroz-best-choice-10mm-400g .jpg","/productos/pastas/tallarines-de-arroz-best-choice-10mm-400g .jpg"
"15-00741","/productos/pastas/tallarines-de-arroz-best-choice-5mm-400g .jpg","/productos/pastas/tallarines-de-arroz-best-choice-5mm-400g .jpg"
"04-00007","/productos/arroces_y_harinas/tapioca-dragon-fish-500g.jpg","/productos/arroces_y_harinas/tapioca-dragon-fish-500g.jpg"
"05-018","",""
"04-0125","/productos/arroces_y_harinas/tapioca-forma-de-arroz.jpg","/productos/arroces_y_harinas/tapioca-forma-de-arroz.jpg"
"08-00013","/productos/bebidas/green-tea-ume.jpg","/productos/bebidas/green-tea-ume.jpg"
"08-10125","/productos/bebidas/te-jasmin-dragon-ball.jpg","/productos/bebidas/te-jasmin-dragon-ball.jpg"
"399","/productos/arroces_y_harinas/tempura-dynasty.jpg","/productos/arroces_y_harinas/tempura-dynasty.jpg"
"08-05553","/productos/arroces_y_harinas/tempura-mix-gold-wel-pac-18.14k.jpg","/productos/arroces_y_harinas/tempura-mix-gold-wel-pac-18.14k.jpg"
"08-30904","/productos/condimentos/togarashi.jpg","/productos/condimentos/togarashi.jpg"
"04-20619","/productos/otros/pasta-de-curry-tom-yam.jpg","/productos/otros/pasta-de-curry-tom-yam.jpg"
"04-30009","/productos/otros/pasta-de-curry-tom-yam-50g.jpg","/productos/otros/pasta-de-curry-tom-yam-50g.jpg"
"08-03851","/productos/pastas/tomoshiraga-jfc-453g.jpg","/productos/pastas/tomoshiraga-jfc-453g.jpg"
"08-13225","/productos/pastas/tomoshiraga-jfc-3lb.jpg","/productos/pastas/tomoshiraga-jfc-3lb.jpg"
"08-99911","/productos/pastas/udon-nainka-seimen-340g.jpg","/productos/pastas/udon-nainka-seimen-340g.jpg"
"04-20015","/productos/vinagres_y_aceites/vinagre-chino-great-wall.jpg","/productos/vinagres_y_aceites/vinagre-chino-great-wall.jpg"
"13-26551","/productos/vinagres_y_aceites/vinagre-de-arroz-kenko.jpg","/productos/vinagres_y_aceites/vinagre-de-arroz-kenko.jpg"
"04-20038","/productos/vinagres_y_aceites/vinagre-healty-boy-6k.jpg","/productos/vinagres_y_aceites/vinagre-healty-boy-6k.jpg"
"04-60020","/productos/salsas/pasta-de-soya-healty-boy-800g.jpg","/productos/salsas/pasta-de-soya-healty-boy-800g.jpg"
"08-0","/productos/vinagres_y_aceites/vinagre-de-arroz-md43.jpg","/productos/vinagres_y_aceites/vinagre-de-arroz-md43.jpg"
"08-10009","/productos/vinagres_y_aceites/vinagre-de-arroz-mizkan.jpg","/productos/vinagres_y_aceites/vinagre-de-arroz-mizkan.jpg"
"01-13558","/productos/vinagres_y_aceites/vinagre-rojo-lkk.jpg","/productos/vinagres_y_aceites/vinagre-rojo-lkk.jpg"
"08-000090","/productos/algas_y_deshidratados/wakame-wel-pac-500g.jpg","/productos/algas_y_deshidratados/wakame-wel-pac-500g.jpg"
"08-99909","/productos/condimentos/wasabi-en-polvo-waner.jpg","/productos/condimentos/wasabi-en-polvo-waner.jpg"
"08-50801","/productos/condimentos/wasabi-sachet-s&b-2.5g.jpg","/productos/condimentos/wasabi-sachet-s&b-2.5g.jpg"
"05-022","/productos/utensilios/wok-14.jpg","/productos/utensilios/wok-14.jpg"
"05-020","/productos/utensilios/wok-18.jpg","/productos/utensilios/wok-18.jpg"
"08-15576","/productos/pastas/zarusoba-ajisenryu-360g.jpg","/productos/pastas/zarusoba-ajisenryu-360g.jpg"
