"Upcoming Events","Upcoming Events"
"View all events","View all events"
"Events Calendar","Events Calendar"
"Number of months to display","Number of months to display"
"CMS Page to view other events","CMS Page to view other events"
"Details to be displayed","Details to be displayed"
"Event start date","Event start date"
"Event stop date","Event stop date"
"Manage Events Calendar","Manage Events Calendar"
"Add New Event","Add New Event"
"Manage Event","Manage Event"
"Event Information","Event Information"
"Edit Event","Edit Event"
"Event Info","Event Info"
